{
  "results": [
    {
      "command": "taskset -c 0 /nix/store/99730p255raxhz6zynn5ffi37py56gdl-rust_snix-cli-0.1.0-linked/bin/snix --no-warnings -E 'with import <nixpkgs>{}; toString hello'",
      "mean": 1.71579082076,
      "stddev": 0.009436668475950457,
      "median": 1.7147373672600001,
      "user": 1.2069644999999998,
      "system": 0.46720607999999997,
      "min": 1.70305198776,
      "max": 1.73169232476,
      "times": [
        1.7108510007600002,
        1.73169232476,
        1.7226389987600002,
        1.72392181976,
        1.72309523676,
        1.70608117276,
        1.7113064237600002,
        1.71816831076,
        1.70710093176,
        1.70305198776
      ],
      "exit_codes": [
        0,
        0,
        0,
        0,
        0,
        0,
        0,
        0,
        0,
        0
      ]
    },
    {
      "command": "taskset -c 0 /nix/store/5va0h71mkv6g75y6m4s75sh4xx4fj0ic-lix-2.94.0-devpre20250802_cad6118/bin/nix-instantiate --eval --json --expr 'with import <nixpkgs>{}; toString hello'",
      "mean": 0.40940973946000003,
      "stddev": 0.0018339512604748612,
      "median": 0.40924868276000004,
      "user": 0.2757059,
      "system": 0.12034438,
      "min": 0.40700234876,
      "max": 0.41255693776,
      "times": [
        0.40991516176000004,
        0.41186999976,
        0.40968069476,
        0.40881667076,
        0.40757252376,
        0.41255693776,
        0.41045453776,
        0.40700234876,
        0.40819496876,
        0.40803355076000003
      ],
      "exit_codes": [
        0,
        0,
        0,
        0,
        0,
        0,
        0,
        0,
        0,
        0
      ]
    },
    {
      "command": "taskset -c 0 /nix/store/qvid77asahwls5904hrvrsawbjmdd2s8-nix-2.31.0pre20250804_0889960/bin/nix-instantiate --eval --json --expr 'with import <nixpkgs>{}; toString hello'",
      "mean": 0.37606999496000004,
      "stddev": 0.0009423213031887217,
      "median": 0.37613008826000005,
      "user": 0.24674049999999995,
      "system": 0.11642137999999999,
      "min": 0.37441725976,
      "max": 0.37727062876,
      "times": [
        0.37717864376000004,
        0.37686382376,
        0.37441725976,
        0.37727062876,
        0.37521041876,
        0.37593817276,
        0.37507022176000004,
        0.37603141076,
        0.37649060376000004,
        0.37622876576000003
      ],
      "exit_codes": [
        0,
        0,
        0,
        0,
        0,
        0,
        0,
        0,
        0,
        0
      ]
    }
  ]
}
