{
  "results": [
    {
      "command": "taskset -c 0 /nix/store/99730p255raxhz6zynn5ffi37py56gdl-rust_snix-cli-0.1.0-linked/bin/snix --no-warnings -E 'with import <nixpkgs>{}; toString firefox'",
      "mean": 13.673758924800001,
      "stddev": 0.10735878436905912,
      "median": 13.6881633879,
      "user": 11.50419424,
      "system": 2.06140288,
      "min": 13.5076829829,
      "max": 13.8316617099,
      "times": [
        13.6899096579,
        13.7588347679,
        13.7375594659,
        13.6864171179,
        13.512671385900001,
        13.6135242159,
        13.5076829829,
        13.8316617099,
        13.6342054859,
        13.7651224579
      ],
      "exit_codes": [
        0,
        0,
        0,
        0,
        0,
        0,
        0,
        0,
        0,
        0
      ]
    },
    {
      "command": "taskset -c 0 /nix/store/5va0h71mkv6g75y6m4s75sh4xx4fj0ic-lix-2.94.0-devpre20250802_cad6118/bin/nix-instantiate --eval --json --expr 'with import <nixpkgs>{}; toString firefox'",
      "mean": 2.6556538222,
      "stddev": 0.014218713488747573,
      "median": 2.6566835479,
      "user": 2.13234544,
      "system": 0.49370517999999997,
      "min": 2.6293974899,
      "max": 2.6775533729,
      "times": [
        2.6293974899,
        2.6420646109,
        2.6453120089,
        2.6516500479,
        2.6691748419,
        2.6577029429,
        2.6775533729,
        2.6611577569,
        2.6668609969,
        2.6556641529
      ],
      "exit_codes": [
        0,
        0,
        0,
        0,
        0,
        0,
        0,
        0,
        0,
        0
      ]
    },
    {
      "command": "taskset -c 0 /nix/store/qvid77asahwls5904hrvrsawbjmdd2s8-nix-2.31.0pre20250804_0889960/bin/nix-instantiate --eval --json --expr 'with import <nixpkgs>{}; toString firefox'",
      "mean": 2.1847573744,
      "stddev": 0.0442642858017977,
      "median": 2.1734389774,
      "user": 1.7196952399999996,
      "system": 0.4252576799999999,
      "min": 2.1601485398999998,
      "max": 2.3091223578999998,
      "times": [
        2.1771167259,
        2.1822500129,
        2.1731878398999998,
        2.1746914899,
        2.3091223578999998,
        2.1614536629,
        2.1601485398999998,
        2.1736901149,
        2.1639708618999998,
        2.1719421379
      ],
      "exit_codes": [
        0,
        0,
        0,
        0,
        0,
        0,
        0,
        0,
        0,
        0
      ]
    }
  ]
}
